{
  "train_loss": [
    0.1784910298883915,
    0.056281398333933044,
    0.04578474342175152,
    0.040662304943670395,
    0.03305023730449055,
    0.03468375839293003,
    0.03134648323706959,
    0.028510139971647575,
    0.027640961313053318,
    0.027758441541505897,
    0.025595095170580822,
    0.025105540883605896,
    0.02528509683907032,
    0.026025632517817227,
    0.025184194962291614,
    0.02246772311627865,
    0.023037738207241764,
    0.02173894821949627,
    0.02223307530031256,
    0.022984559242816074,
    0.02317700340696003,
    0.023021624949963196,
    0.02077490411212911,
    0.021565083252347034,
    0.020943356191982395,
    0.02181950444355607,
    0.020167359819068857,
    0.02072098620397889,
    0.02189866967661225,
    0.022172535000287968,
    0.018496612471568842,
    0.017228065159819696,
    0.01844143223665331,
    0.018402396377338016,
    0.01943471525674281,
    0.019078404176980257,
    0.019166532013079395,
    0.017779100585081007,
    0.018495631505451773,
    0.018389035907128582
  ],
  "val_psnr": [
    21.145319686897455,
    23.5202833571066,
    25.134440309642052,
    27.679838463100417,
    27.857188985581974,
    27.945050759519887,
    28.430719230662543,
    28.771243388446425,
    29.191175520909958,
    29.395790186366543,
    29.956204663413075,
    29.954334660624625,
    28.540208824743267,
    30.402877612760484,
    30.462867094042007,
    31.137435788428775,
    30.80618326926154,
    30.6901180222206,
    30.372256698555532,
    30.182584382319686,
    30.545821456530483,
    30.981916986752054,
    31.002793788791173,
    31.38762385258368,
    30.733495790680376,
    30.862896202490038,
    31.43428106044497,
    31.267795111420345,
    30.63490311310929,
    30.996193535340705,
    32.161357325765664,
    32.2039324436454,
    31.974001601695868,
    32.00398452534461,
    32.184766296985615,
    32.174039133350334,
    32.23383450116123,
    32.321714600881734,
    32.18995398792117,
    32.31594696888927
  ],
  "lr": [
    0.0002,
    0.0002,
    0.0002,
    0.0002,
    0.0002,
    0.0002,
    0.0002,
    0.0002,
    0.0002,
    0.0002,
    0.0002,
    0.0002,
    0.0002,
    0.0002,
    0.0002,
    0.0002,
    0.0002,
    0.0002,
    0.0002,
    0.0002,
    0.0002,
    0.0002,
    0.0002,
    0.0002,
    0.0002,
    0.0002,
    0.0002,
    0.0002,
    0.0002,
    0.0001,
    0.0001,
    0.0001,
    0.0001,
    0.0001,
    0.0001,
    0.0001,
    0.0001,
    0.0001,
    0.0001,
    0.0001
  ],
  "epoch_time_s": [
    21.805212899998878,
    21.828416000003926,
    21.63275689999864,
    21.832481799996458,
    21.863390400001663,
    21.45374620000075,
    21.7941412999935,
    21.813783699995838,
    21.872378500003833,
    22.10937710000144,
    21.489301599998726,
    22.24618419999024,
    21.742501500004437,
    21.714830600001733,
    21.828942399995867,
    22.147759400002542,
    21.111525799991796,
    20.51894480000192,
    20.597565699994448,
    20.650639300001785,
    20.318949099993915,
    21.853100899999845,
    20.72121769998921,
    21.339927000008174,
    21.52112040000793,
    21.318468700002995,
    21.639812099994742,
    22.273007900002995,
    30.11347850000311,
    22.803373599992483,
    22.786034999997355,
    21.48342319999938,
    26.90950910000538,
    22.810842899998534,
    22.423147200010135,
    21.564020099991467,
    21.050303599986364,
    21.29194819999975,
    27.71323449999909,
    21.378749299998162
  ],
  "best_val_psnr": 32.321714600881734,
  "best_epoch": 38,
  "total_params": 1369859
}