{
  "train_loss": [
    0.019277450162917376,
    0.01799699388768362,
    0.01770195348755173,
    0.018530897897384737,
    0.01746223362810586,
    0.017198003342618114,
    0.01754964744348241,
    0.016955060438941353,
    0.017180078338993633,
    0.016897401468747335,
    0.016742380437157724,
    0.016619373376116804,
    0.016952152991586405,
    0.016425274737665186,
    0.015811084749420053,
    0.015986079937252012,
    0.016685417671080515,
    0.016745928006813578,
    0.0159385001246372,
    0.01615036714255162,
    0.01617393381488712,
    0.015860656782498827,
    0.015816123933409868,
    0.01624233271602703,
    0.015888009665776855,
    0.016112382037808067,
    0.015662607858362404,
    0.015997050006104553,
    0.01619402011451514,
    0.016181285594306562,
    0.016603203449884186,
    0.016226970165482035,
    0.01522721898863497,
    0.016295615138243073,
    0.01607234284038777,
    0.015802475461817306,
    0.016399565355285355,
    0.016186815646031628,
    0.015422925515019375,
    0.015414894943166038,
    0.015614474779399841,
    0.015328646394545618,
    0.015366155552961256,
    0.015685683804685654,
    0.015374435476310875,
    0.015710625433079575,
    0.015518378851044437,
    0.015773801558205614,
    0.016075611053763525,
    0.01547078448145286
  ],
  "val_psnr": [
    31.357300494713975,
    31.53064234578171,
    31.698469645540392,
    31.936481950256535,
    32.0735334889297,
    32.21276024642019,
    32.29248080864506,
    32.36996201401565,
    32.445210693397556,
    32.480486012531706,
    32.51757558143761,
    32.5518979863031,
    32.58784445704081,
    32.607036831730156,
    32.62583178277496,
    32.64846251871855,
    32.67016940325785,
    32.66334901471175,
    32.662552690596115,
    32.68015149885592,
    32.7279369061606,
    32.74237667470256,
    32.7464210089145,
    32.76507076270373,
    32.760338896919286,
    32.776742767171875,
    32.76612379198868,
    32.80643875419095,
    32.773299522146985,
    32.77134946126422,
    32.78332651145598,
    32.82264524876072,
    32.82902576058274,
    32.84722623199606,
    32.843381983542926,
    32.793378246812026,
    32.85933323459387,
    32.85320263712701,
    32.845289790037086,
    32.84457235256379,
    32.858888244740285,
    32.88059980079014,
    32.87473286476022,
    32.8979585020907,
    32.892237642036626,
    32.887840693751656,
    32.87412095462723,
    32.881449820862535,
    32.88354659493862,
    32.8874305325238
  ],
  "lr": [
    0.0003,
    0.0003,
    0.0003,
    0.0003,
    0.0003,
    0.0003,
    0.0003,
    0.0003,
    0.0003,
    0.0003,
    0.0003,
    0.0003,
    0.0003,
    0.0003,
    0.0003,
    0.0003,
    0.0003,
    0.0003,
    0.0003,
    0.0003,
    0.0003,
    0.0003,
    0.0003,
    0.0003,
    0.0003,
    0.0003,
    0.0003,
    0.0003,
    0.0003,
    0.00015,
    0.00015,
    0.00015,
    0.00015,
    0.00015,
    0.00015,
    0.00015,
    0.00015,
    0.00015,
    0.00015,
    0.00015,
    0.00015,
    0.00015,
    0.00015,
    0.00015,
    0.00015,
    0.00015,
    0.00015,
    0.00015,
    0.00015,
    0.00015
  ],
  "epoch_time_s": [
    22.253284099992015,
    24.08684259999427,
    23.23535620000621,
    24.247623300005216,
    29.70648059999803,
    24.20763970000553,
    23.758380600003875,
    29.02358870000171,
    27.323565900005633,
    23.79632439999841,
    23.291070699997363,
    23.78198300000804,
    23.968145699996967,
    23.05092280000099,
    23.903334599992377,
    22.597076899997774,
    28.260172100010095,
    22.898300700006075,
    26.97807019999891,
    23.925611800004845,
    22.900675400000182,
    23.39712929999223,
    28.6616786000086,
    23.263376599992625,
    28.466505300006247,
    23.726097999999183,
    23.772028599996702,
    23.174289400005364,
    23.886670199994114,
    23.707017499997164,
    23.332510500011267,
    23.440561499999603,
    23.545826000001398,
    23.46701109998685,
    23.046255699999165,
    22.520211199996993,
    23.742051699999138,
    23.202029799998854,
    29.07045329999528,
    24.502044699998805,
    24.628603999997722,
    24.00498090000474,
    24.17759580000711,
    28.477186999996775,
    21.976502299992717,
    20.77532250000513,
    20.40469490000396,
    20.40021789999446,
    20.475569000001997,
    20.539780999999493
  ],
  "best_val_psnr": 32.8979585020907,
  "best_epoch": 44,
  "total_params": 69251
}